{
  "by_lead": {
    "15": {
      "old": {
        "bias": 0.163796,
        "count": 51123,
        "mae": 0.967374,
        "rmse": 1.30687
      },
      "old_allfinite": {
        "bias": 0.163796,
        "count": 51123,
        "mae": 0.967374,
        "rmse": 1.30687
      },
      "raw": {
        "bias": 0.408061,
        "count": 51466,
        "mae": 1.650668,
        "rmse": 2.154554
      },
      "raw_allfinite": {
        "bias": 0.407172,
        "count": 51123,
        "mae": 1.653258,
        "rmse": 2.157467
      },
      "vnext": {
        "bias": 0.123749,
        "count": 51466,
        "mae": 0.884394,
        "rmse": 1.19372
      },
      "vnext_allfinite": {
        "bias": 0.122678,
        "count": 51123,
        "mae": 0.88543,
        "rmse": 1.195332
      }
    },
    "30": {
      "old": {
        "bias": 0.168149,
        "count": 50899,
        "mae": 1.049544,
        "rmse": 1.411303
      },
      "old_allfinite": {
        "bias": 0.168149,
        "count": 50899,
        "mae": 1.049544,
        "rmse": 1.411303
      },
      "raw": {
        "bias": 0.412456,
        "count": 51241,
        "mae": 1.651755,
        "rmse": 2.155944
      },
      "raw_allfinite": {
        "bias": 0.411599,
        "count": 50899,
        "mae": 1.654406,
        "rmse": 2.158941
      },
      "vnext": {
        "bias": 0.151068,
        "count": 51241,
        "mae": 0.988031,
        "rmse": 1.328195
      },
      "vnext_allfinite": {
        "bias": 0.150077,
        "count": 50899,
        "mae": 0.989465,
        "rmse": 1.330156
      }
    },
    "45": {
      "old": {
        "bias": 0.181429,
        "count": 50767,
        "mae": 1.112083,
        "rmse": 1.49067
      },
      "old_allfinite": {
        "bias": 0.181429,
        "count": 50767,
        "mae": 1.112083,
        "rmse": 1.49067
      },
      "raw": {
        "bias": 0.417226,
        "count": 51108,
        "mae": 1.651256,
        "rmse": 2.153376
      },
      "raw_allfinite": {
        "bias": 0.416401,
        "count": 50767,
        "mae": 1.653923,
        "rmse": 2.156397
      },
      "vnext": {
        "bias": 0.170862,
        "count": 51108,
        "mae": 1.057375,
        "rmse": 1.418091
      },
      "vnext_allfinite": {
        "bias": 0.169938,
        "count": 50767,
        "mae": 1.058952,
        "rmse": 1.420204
      }
    },
    "60": {
      "old": {
        "bias": 0.156383,
        "count": 66585,
        "mae": 1.112113,
        "rmse": 1.499011
      },
      "old_allfinite": {
        "bias": 0.156383,
        "count": 66585,
        "mae": 1.112113,
        "rmse": 1.499011
      },
      "raw": {
        "bias": 0.113258,
        "count": 66925,
        "mae": 1.628981,
        "rmse": 2.179571
      },
      "raw_allfinite": {
        "bias": 0.110975,
        "count": 66585,
        "mae": 1.630891,
        "rmse": 2.181999
      },
      "vnext": {
        "bias": 0.140192,
        "count": 66925,
        "mae": 1.078659,
        "rmse": 1.456705
      },
      "vnext_allfinite": {
        "bias": 0.139211,
        "count": 66585,
        "mae": 1.079725,
        "rmse": 1.458217
      }
    }
  },
  "by_threshold_kt": {
    "ge_12": {
      "old": {
        "bias": -0.449961,
        "count": 65003,
        "mae": 1.256965,
        "rmse": 1.654259
      },
      "raw": {
        "bias": -0.762482,
        "count": 65019,
        "mae": 1.854993,
        "rmse": 2.382145
      },
      "vnext": {
        "bias": -0.378438,
        "count": 65019,
        "mae": 1.209006,
        "rmse": 1.593583
      }
    },
    "ge_15": {
      "old": {
        "bias": -0.538958,
        "count": 48843,
        "mae": 1.32509,
        "rmse": 1.738812
      },
      "raw": {
        "bias": -0.892345,
        "count": 48843,
        "mae": 1.932497,
        "rmse": 2.484635
      },
      "vnext": {
        "bias": -0.453434,
        "count": 48843,
        "mae": 1.270262,
        "rmse": 1.669727
      }
    },
    "ge_20": {
      "old": {
        "bias": -0.799077,
        "count": 19775,
        "mae": 1.560003,
        "rmse": 2.011471
      },
      "raw": {
        "bias": -1.40833,
        "count": 19775,
        "mae": 2.277838,
        "rmse": 2.8844
      },
      "vnext": {
        "bias": -0.67021,
        "count": 19775,
        "mae": 1.47513,
        "rmse": 1.906244
      }
    },
    "ge_25": {
      "old": {
        "bias": -1.095971,
        "count": 7165,
        "mae": 1.829716,
        "rmse": 2.321615
      },
      "raw": {
        "bias": -2.375952,
        "count": 7165,
        "mae": 2.825371,
        "rmse": 3.524522
      },
      "vnext": {
        "bias": -0.963065,
        "count": 7165,
        "mae": 1.671115,
        "rmse": 2.142408
      }
    }
  },
  "by_threshold_kt_all_models_finite": {
    "ge_12": {
      "old": {
        "bias": -0.449961,
        "count": 65003,
        "mae": 1.256965,
        "rmse": 1.654259
      },
      "raw": {
        "bias": -0.761954,
        "count": 65003,
        "mae": 1.854734,
        "rmse": 2.382001
      },
      "vnext": {
        "bias": -0.378194,
        "count": 65003,
        "mae": 1.208967,
        "rmse": 1.59362
      }
    },
    "ge_15": {
      "old": {
        "bias": -0.538958,
        "count": 48843,
        "mae": 1.32509,
        "rmse": 1.738812
      },
      "raw": {
        "bias": -0.892345,
        "count": 48843,
        "mae": 1.932497,
        "rmse": 2.484635
      },
      "vnext": {
        "bias": -0.453434,
        "count": 48843,
        "mae": 1.270262,
        "rmse": 1.669727
      }
    },
    "ge_20": {
      "old": {
        "bias": -0.799077,
        "count": 19775,
        "mae": 1.560003,
        "rmse": 2.011471
      },
      "raw": {
        "bias": -1.40833,
        "count": 19775,
        "mae": 2.277838,
        "rmse": 2.8844
      },
      "vnext": {
        "bias": -0.67021,
        "count": 19775,
        "mae": 1.47513,
        "rmse": 1.906244
      }
    },
    "ge_25": {
      "old": {
        "bias": -1.095971,
        "count": 7165,
        "mae": 1.829716,
        "rmse": 2.321615
      },
      "raw": {
        "bias": -2.375952,
        "count": 7165,
        "mae": 2.825371,
        "rmse": 3.524522
      },
      "vnext": {
        "bias": -0.963065,
        "count": 7165,
        "mae": 1.671115,
        "rmse": 2.142408
      }
    }
  },
  "counts": {
    "allfinite_rows": 219374,
    "common_rows": 220740,
    "old_finite_pred_rows": 219374,
    "raw_finite_rows": 220740,
    "rows_old": 543924,
    "rows_vnext": 234062,
    "vnext_finite_pred_rows": 220740
  },
  "finite_per_model": {
    "old": {
      "bias": 0.166636,
      "count": 219374,
      "mae": 1.063859,
      "rmse": 1.434016
    },
    "raw": {
      "bias": 0.321823,
      "count": 220740,
      "mae": 1.644481,
      "rmse": 2.162219
    },
    "vnext": {
      "bias": 0.145984,
      "count": 220740,
      "mae": 1.0074,
      "rmse": 1.360404
    }
  },
  "strict_all_models_finite": {
    "old": {
      "bias": 0.166636,
      "count": 219374,
      "mae": 1.063859,
      "rmse": 1.434016
    },
    "raw": {
      "bias": 0.320432,
      "count": 219374,
      "mae": 1.646889,
      "rmse": 2.165037
    },
    "vnext": {
      "bias": 0.14499,
      "count": 219374,
      "mae": 1.008697,
      "rmse": 1.362227
    }
  }
}
