{
  "by_lead": {
    "15": {
      "old": {
        "bias": 0.221969,
        "count": 51123,
        "mae": 1.165327,
        "rmse": 1.588391
      },
      "old_allfinite": {
        "bias": 0.221969,
        "count": 51123,
        "mae": 1.165327,
        "rmse": 1.588391
      },
      "raw": {
        "bias": 2.606737,
        "count": 51466,
        "mae": 3.036091,
        "rmse": 3.958792
      },
      "raw_allfinite": {
        "bias": 2.609144,
        "count": 51123,
        "mae": 3.039547,
        "rmse": 3.96325
      },
      "vnext": {
        "bias": 0.149559,
        "count": 51466,
        "mae": 1.070576,
        "rmse": 1.470977
      },
      "vnext_allfinite": {
        "bias": 0.14848,
        "count": 51123,
        "mae": 1.072237,
        "rmse": 1.473332
      }
    },
    "30": {
      "old": {
        "bias": 0.230961,
        "count": 50899,
        "mae": 1.258973,
        "rmse": 1.70671
      },
      "old_allfinite": {
        "bias": 0.230961,
        "count": 50899,
        "mae": 1.258973,
        "rmse": 1.70671
      },
      "raw": {
        "bias": 2.618228,
        "count": 51241,
        "mae": 3.044872,
        "rmse": 3.966447
      },
      "raw_allfinite": {
        "bias": 2.620603,
        "count": 50899,
        "mae": 3.048316,
        "rmse": 3.971064
      },
      "vnext": {
        "bias": 0.165302,
        "count": 51241,
        "mae": 1.174299,
        "rmse": 1.608863
      },
      "vnext_allfinite": {
        "bias": 0.164286,
        "count": 50899,
        "mae": 1.176253,
        "rmse": 1.611521
      }
    },
    "45": {
      "old": {
        "bias": 0.251264,
        "count": 50767,
        "mae": 1.329908,
        "rmse": 1.797576
      },
      "old_allfinite": {
        "bias": 0.251264,
        "count": 50767,
        "mae": 1.329908,
        "rmse": 1.797576
      },
      "raw": {
        "bias": 2.631688,
        "count": 51108,
        "mae": 3.053837,
        "rmse": 3.971307
      },
      "raw_allfinite": {
        "bias": 2.634024,
        "count": 50767,
        "mae": 3.057268,
        "rmse": 3.976022
      },
      "vnext": {
        "bias": 0.186809,
        "count": 51108,
        "mae": 1.259141,
        "rmse": 1.714672
      },
      "vnext_allfinite": {
        "bias": 0.185888,
        "count": 50767,
        "mae": 1.261205,
        "rmse": 1.717401
      }
    },
    "60": {
      "old": {
        "bias": 0.207946,
        "count": 66585,
        "mae": 1.265102,
        "rmse": 1.738374
      },
      "old_allfinite": {
        "bias": 0.207946,
        "count": 66585,
        "mae": 1.265102,
        "rmse": 1.738374
      },
      "raw": {
        "bias": 2.400318,
        "count": 66925,
        "mae": 2.86561,
        "rmse": 3.77149
      },
      "raw_allfinite": {
        "bias": 2.400757,
        "count": 66585,
        "mae": 2.867125,
        "rmse": 3.774242
      },
      "vnext": {
        "bias": 0.143569,
        "count": 66925,
        "mae": 1.209829,
        "rmse": 1.675896
      },
      "vnext_allfinite": {
        "bias": 0.142541,
        "count": 66585,
        "mae": 1.21094,
        "rmse": 1.6776
      }
    }
  },
  "by_threshold_kt": {
    "ge_12": {
      "old": {
        "bias": -0.361367,
        "count": 88468,
        "mae": 1.418581,
        "rmse": 1.90047
      },
      "raw": {
        "bias": 2.161661,
        "count": 88540,
        "mae": 2.81765,
        "rmse": 3.627768
      },
      "vnext": {
        "bias": -0.348427,
        "count": 88540,
        "mae": 1.368944,
        "rmse": 1.828598
      }
    },
    "ge_15": {
      "old": {
        "bias": -0.435814,
        "count": 72848,
        "mae": 1.476765,
        "rmse": 1.97141
      },
      "raw": {
        "bias": 2.177071,
        "count": 72864,
        "mae": 2.85225,
        "rmse": 3.666177
      },
      "vnext": {
        "bias": -0.408418,
        "count": 72864,
        "mae": 1.42271,
        "rmse": 1.891221
      }
    },
    "ge_20": {
      "old": {
        "bias": -0.709,
        "count": 38895,
        "mae": 1.66101,
        "rmse": 2.20677
      },
      "raw": {
        "bias": 2.220095,
        "count": 38895,
        "mae": 2.905684,
        "rmse": 3.755909
      },
      "vnext": {
        "bias": -0.61634,
        "count": 38895,
        "mae": 1.585514,
        "rmse": 2.090116
      }
    },
    "ge_25": {
      "old": {
        "bias": -1.116029,
        "count": 16663,
        "mae": 2.009222,
        "rmse": 2.590864
      },
      "raw": {
        "bias": 2.077617,
        "count": 16663,
        "mae": 2.896815,
        "rmse": 3.765155
      },
      "vnext": {
        "bias": -0.919977,
        "count": 16663,
        "mae": 1.842253,
        "rmse": 2.376623
      }
    }
  },
  "by_threshold_kt_all_models_finite": {
    "ge_12": {
      "old": {
        "bias": -0.361367,
        "count": 88468,
        "mae": 1.418581,
        "rmse": 1.90047
      },
      "raw": {
        "bias": 2.163379,
        "count": 88468,
        "mae": 2.819267,
        "rmse": 3.629138
      },
      "vnext": {
        "bias": -0.34789,
        "count": 88468,
        "mae": 1.369215,
        "rmse": 1.828948
      }
    },
    "ge_15": {
      "old": {
        "bias": -0.435814,
        "count": 72848,
        "mae": 1.476765,
        "rmse": 1.97141
      },
      "raw": {
        "bias": 2.177752,
        "count": 72848,
        "mae": 2.852673,
        "rmse": 3.666535
      },
      "vnext": {
        "bias": -0.40805,
        "count": 72848,
        "mae": 1.422564,
        "rmse": 1.891153
      }
    },
    "ge_20": {
      "old": {
        "bias": -0.709,
        "count": 38895,
        "mae": 1.66101,
        "rmse": 2.20677
      },
      "raw": {
        "bias": 2.220095,
        "count": 38895,
        "mae": 2.905684,
        "rmse": 3.755909
      },
      "vnext": {
        "bias": -0.61634,
        "count": 38895,
        "mae": 1.585514,
        "rmse": 2.090116
      }
    },
    "ge_25": {
      "old": {
        "bias": -1.116029,
        "count": 16663,
        "mae": 2.009222,
        "rmse": 2.590864
      },
      "raw": {
        "bias": 2.077617,
        "count": 16663,
        "mae": 2.896815,
        "rmse": 3.765155
      },
      "vnext": {
        "bias": -0.919977,
        "count": 16663,
        "mae": 1.842253,
        "rmse": 2.376623
      }
    }
  },
  "counts": {
    "allfinite_rows": 219374,
    "common_rows": 220740,
    "old_finite_pred_rows": 219374,
    "raw_finite_rows": 220740,
    "rows_old": 543924,
    "rows_vnext": 234062,
    "vnext_finite_pred_rows": 220740
  },
  "finite_per_model": {
    "old": {
      "bias": 0.226579,
      "count": 219374,
      "mae": 1.255425,
      "rmse": 1.711374
    },
    "raw": {
      "bias": 2.552598,
      "count": 220740,
      "mae": 2.990551,
      "rmse": 3.907699
    },
    "vnext": {
      "bias": 0.160022,
      "count": 220740,
      "mae": 1.180532,
      "rmse": 1.62407
    }
  },
  "strict_all_models_finite": {
    "old": {
      "bias": 0.226579,
      "count": 219374,
      "mae": 1.255425,
      "rmse": 1.711374
    },
    "raw": {
      "bias": 2.55431,
      "count": 219374,
      "mae": 2.993348,
      "rmse": 3.91169
    },
    "vnext": {
      "bias": 0.159001,
      "count": 219374,
      "mae": 1.182201,
      "rmse": 1.626405
    }
  }
}
